Si4 OLH,2025-12-25 21:02:15.444772
SYI4 OLH,2025-12-25 21:02:15.950767
Sho,2025-12-25 21:02:16.405358
Si4 OaH,2025-12-25 21:02:16.926491
Stoh,2025-12-25 21:02:17.442643
Somh,2025-12-25 21:02:17.923062
Syi OAH,2025-12-25 21:02:18.349611
Syoah,2025-12-25 21:02:18.846790
Syonh,2025-12-25 21:02:19.278836
Syoah,2025-12-25 21:02:19.715732
Syiz OaH,2025-12-25 21:02:20.234038
SI4 OaH,2025-12-25 21:02:20.734231
IH,2025-12-25 21:02:20.901349
Syoah,2025-12-25 21:02:21.219475
Syi OaH,2025-12-25 21:02:21.677729
Syiz OaH,2025-12-25 21:02:22.055329
Syioah,2025-12-25 21:02:22.400722
Syiz OaH,2025-12-25 21:02:22.715210
Syiz OaH,2025-12-25 21:02:23.138079
SYI4OAH,2025-12-25 21:02:23.456702
SYI4OAH,2025-12-25 21:02:23.789164
c,2025-12-25 21:02:23.891802
SYI4OAH,2025-12-25 21:02:24.141388
tn,2025-12-25 21:02:24.250377
Syi4oaH,2025-12-25 21:02:24.544199
SYIAOAH,2025-12-25 21:02:24.827745
Ou,2025-12-25 21:02:24.973827
SYIAOAH,2025-12-25 21:02:25.245766
natn,2025-12-25 21:02:25.361661
SYIAOAH,2025-12-25 21:02:25.625844
oq,2025-12-25 21:02:25.775018
SYI4OAH ,2025-12-25 21:02:26.029228
OSU,2025-12-25 21:02:26.172533
SYIAOAH ,2025-12-25 21:02:26.420926
ftt,2025-12-25 21:02:26.558380
SYIAOAH ,2025-12-25 21:02:26.819730
Ft,2025-12-25 21:02:26.951225
SYIAOAH ,2025-12-25 21:02:27.204134
OS110,2025-12-25 21:02:27.347081
SYI4OAH,2025-12-25 21:02:27.576702
SYIA OAH,2025-12-25 21:02:27.827062
osu,2025-12-25 21:02:27.981434
SYIAOAH,2025-12-25 21:02:28.245150
0S7I0J,2025-12-25 21:02:28.394063
SYIA OAH,2025-12-25 21:02:28.632692
osuuJ,2025-12-25 21:02:28.786965
SYIAOAH,2025-12-25 21:02:29.034610
os1u,2025-12-25 21:02:29.186714
SYIA OAH ,2025-12-25 21:02:29.463677
Fa,2025-12-25 21:02:29.618480
SYIA OAH,2025-12-25 21:02:29.876145
os70J,2025-12-25 21:02:30.030582
SYIA OAH,2025-12-25 21:02:30.285850
0S1J,2025-12-25 21:02:30.445344
SYIA OAH,2025-12-25 21:02:30.691341
F,2025-12-25 21:02:30.795574
SYIA OAH,2025-12-25 21:02:31.054179
057 1GJ,2025-12-25 21:02:31.196807
SYI4OMH,2025-12-25 21:02:31.453917
0S1IGJ,2025-12-25 21:02:31.610268
SYIAOMH,2025-12-25 21:02:31.861704
051IQJ,2025-12-25 21:02:32.012223
SYIA OAH,2025-12-25 21:02:32.280608
as7u],2025-12-25 21:02:32.432401
SYIA OAH,2025-12-25 21:02:32.692684
057 76J,2025-12-25 21:02:32.846094
SYIA OAH,2025-12-25 21:02:33.117154
Os7uaJ,2025-12-25 21:02:33.274736
SYIA OAH,2025-12-25 21:02:33.548910
js7uJ,2025-12-25 21:02:33.761690
SYIA OAH,2025-12-25 21:02:34.032679
Is7uqJ,2025-12-25 21:02:34.191679
SYIA OAH,2025-12-25 21:02:34.456948
151uGJ,2025-12-25 21:02:34.601039
SYIA OAH,2025-12-25 21:02:34.858566
Eh,2025-12-25 21:02:35.001458
SYIA OAH,2025-12-25 21:02:35.270599
S,2025-12-25 21:02:35.383935
SYIA OAH,2025-12-25 21:02:35.640423
9571GJ,2025-12-25 21:02:35.786375
SYIA OAH,2025-12-25 21:02:36.053711
57IGJ,2025-12-25 21:02:36.204436
SYIA OAH,2025-12-25 21:02:36.466283
57 16J,2025-12-25 21:02:36.614223
SYIA OAH,2025-12-25 21:02:36.878207
57 IGJ,2025-12-25 21:02:37.019736
SYIA OAH,2025-12-25 21:02:37.274759
Eh,2025-12-25 21:02:37.380742
SYIA OAH,2025-12-25 21:02:37.650775
Ea,2025-12-25 21:02:37.751598
SYIA OAH,2025-12-25 21:02:38.016003
57uGJ,2025-12-25 21:02:38.145130
SYIAOAH,2025-12-25 21:02:38.457509
MuGJ,2025-12-25 21:02:38.587737
SYIA OAH,2025-12-25 21:02:38.899697
0uGJ,2025-12-25 21:02:39.032150
SYIA OAH,2025-12-25 21:02:39.376677
1ugJ,2025-12-25 21:02:39.497191
SYIA OAH,2025-12-25 21:02:39.776720
Mq,2025-12-25 21:02:39.868533
SYIA OAH,2025-12-25 21:02:40.150651
IugJ,2025-12-25 21:02:40.284273
SYIA OAH,2025-12-25 21:02:40.544135
Mq,2025-12-25 21:02:40.630967
SYIA OAH,2025-12-25 21:02:40.917083
TGJ,2025-12-25 21:02:41.023766
SYIA OAH,2025-12-25 21:02:41.282407
Tg,2025-12-25 21:02:41.367113
SYIA OAH,2025-12-25 21:02:41.627740
g,2025-12-25 21:02:41.705336
SYIA OAH,2025-12-25 21:02:41.974131
Tg,2025-12-25 21:02:42.050261
SYIA OAH,2025-12-25 21:02:42.399307
Tg,2025-12-25 21:02:42.477535
SYIA OAH,2025-12-25 21:02:42.791388
SYIA OAH,2025-12-25 21:02:43.083352
TGu,2025-12-25 21:02:43.160111
SYIA OAH,2025-12-25 21:02:43.435479
SYIA OAH,2025-12-25 21:02:43.696320
SYIA OAH,2025-12-25 21:02:44.029641
SYIA OAH,2025-12-25 21:02:44.349529
SYIA OAH,2025-12-25 21:02:44.614466
SYIAOAH,2025-12-25 21:02:44.899361
SYIA OAH,2025-12-25 21:02:45.223345
SYI4 OAH,2025-12-25 21:02:45.533746
SYIA OAH,2025-12-25 21:02:45.852347
SYIA OAH,2025-12-25 21:02:46.186854
SYIA OAH,2025-12-25 21:02:46.526502
SYIA OAH,2025-12-25 21:02:46.842015
SYIA OAH,2025-12-25 21:02:47.160953
SYIA OAH,2025-12-25 21:02:47.483812
SYIA OAH,2025-12-25 21:02:47.815845
SYI4 OAH,2025-12-25 21:02:48.138181
SYIA OAH,2025-12-25 21:02:48.457898
SYIA OAH,2025-12-25 21:02:48.785237
SYI4 OAH,2025-12-25 21:02:49.098286
SYIA OAH,2025-12-25 21:02:49.439581
SYI4 OAH,2025-12-25 21:02:49.782098
SYI4 OAH,2025-12-25 21:02:50.108772
SYI4 OAH,2025-12-25 21:02:50.437781
SYI4 OAH,2025-12-25 21:02:50.772239
SYIA OAH,2025-12-25 21:02:51.101357
SYI4 OAH,2025-12-25 21:02:51.442108
SYIA OAH,2025-12-25 21:02:51.774866
SYI4 OAH,2025-12-25 21:02:52.108706
SYI4 OAH,2025-12-25 21:02:52.431764
SYI4 OAH,2025-12-25 21:02:52.735868
SYI4 OAH,2025-12-25 21:02:53.067370
SYI4 OAH,2025-12-25 21:02:53.420718
SYI4 OAH,2025-12-25 21:02:53.762706
SYI4 OAH,2025-12-25 21:02:54.103785
SYI4 OAH,2025-12-25 21:02:54.450273
SYI4 OAH,2025-12-25 21:02:54.793993
SYI4 OAH,2025-12-25 21:02:55.131764
SYI4 OAH,2025-12-25 21:02:55.470721
SYI4 OAH,2025-12-25 21:02:55.799550
SYI4 OAH,2025-12-25 21:02:56.150388
SYI4 OAH,2025-12-25 21:02:56.507736
SYI4 OAH,2025-12-25 21:02:56.841164
SYI4 OAH,2025-12-25 21:02:57.176438
SYI4 OAH,2025-12-25 21:02:57.516547
SYIA OAH,2025-12-25 21:02:57.857948
SYI4 OAH,2025-12-25 21:02:58.193438
SYI4 OAH,2025-12-25 21:02:58.527234
SYI4 OAH,2025-12-25 21:02:58.861345
SYI4 OAH,2025-12-25 21:02:59.207431
SYI4 OAH,2025-12-25 21:02:59.543475
SYI4 OAH,2025-12-25 21:02:59.881067
SYI4 OAH,2025-12-25 21:03:00.212428
SYI4 OAH,2025-12-25 21:03:00.546132
SYI4 OAH,2025-12-25 21:03:00.892794
SYI4 OAH,2025-12-25 21:03:01.231631
SYI4 OAH,2025-12-25 21:03:01.560345
SYI4 OAH,2025-12-25 21:03:01.897269
SYI4 OAH,2025-12-25 21:03:02.255768
SYI4 OAH,2025-12-25 21:03:02.596090
SYI4 OAH,2025-12-25 21:03:02.931052
SYI4 OAH,2025-12-25 21:03:03.264887
SYI4 OAH,2025-12-25 21:03:03.603530
SYI4 OAH,2025-12-25 21:03:03.943031
SYI4 OAH,2025-12-25 21:03:04.305363
SYI4 OAH,2025-12-25 21:03:04.652687
SYI4 OAH,2025-12-25 21:03:04.989879
SYI4 OAH,2025-12-25 21:03:05.324411
SYI4 OAH,2025-12-25 21:03:05.658897
SYI4 OAH,2025-12-25 21:03:05.998465
SYI4 OAH,2025-12-25 21:03:06.336188
SYI4 OAH,2025-12-25 21:03:06.677208
SYI4 OAH,2025-12-25 21:03:07.036621
SYIA OAH,2025-12-25 21:03:07.381156
SYI4 OAH,2025-12-25 21:03:07.737516
SYI4 OAH,2025-12-25 21:03:08.077450
SYI4 OAH,2025-12-25 21:03:08.415150
SYI4 OAH,2025-12-25 21:03:08.748310
SYI4 OAH,2025-12-25 21:03:09.079101
SYI4 OAH,2025-12-25 21:03:09.410470
SYI4 OAH,2025-12-25 21:03:09.744340
SYI4 OAH,2025-12-25 21:03:10.078649
SYI4 OAH,2025-12-25 21:03:10.408434
SYI4 OAH,2025-12-25 21:03:10.741194
SYI4 OAH,2025-12-25 21:03:11.078600
SYI4 OAH,2025-12-25 21:03:11.419495
Ah,2025-12-25 21:03:14.088008
SYI4 OAH,2025-12-25 21:03:14.440657
SYI4 OAH,2025-12-25 21:03:14.775097
SYI4 OAH,2025-12-25 21:03:15.105565
SYI4 OAH,2025-12-25 21:03:15.437894
SYI4 OAH,2025-12-25 21:03:15.778319
SYI4 OAH,2025-12-25 21:03:16.108200
SYI4 OAH,2025-12-25 21:03:16.442746
SYIA OAH,2025-12-25 21:03:16.777469
SYI4 OAH,2025-12-25 21:03:17.123474
SYI4 OAH,2025-12-25 21:03:17.464711
SYI4 OAH,2025-12-25 21:03:17.807749
SYI4 OAH,2025-12-25 21:03:18.148611
SYI4 OAH,2025-12-25 21:03:18.507073
SYI4 OAH,2025-12-25 21:03:18.908136
SYI4 OAH,2025-12-25 21:03:19.313180
SY4 OAH,2025-12-25 21:03:19.736307
SYI4 OAH,2025-12-25 21:03:20.090072
SYI4 OAH,2025-12-25 21:03:20.431703
SYI4 OAH,2025-12-25 21:03:20.823088
SYI4 OAH,2025-12-25 21:03:21.171302
SYI4 OAH,2025-12-25 21:03:21.520424
SYI4 OAH,2025-12-25 21:03:21.864993
SYI4 OAH,2025-12-25 21:03:22.212684
SY14 OAH,2025-12-25 21:03:22.560060
SYI4 OAH,2025-12-25 21:03:22.902554
SY4 OAH,2025-12-25 21:03:23.250792
SY4 OAH,2025-12-25 21:03:23.591740
SYI4 OAH,2025-12-25 21:03:23.930897
SY4 OAH,2025-12-25 21:03:24.269989
SY14 OAH,2025-12-25 21:03:24.620593
SYI4 07,2025-12-25 21:03:24.936676
4OAH,2025-12-25 21:03:29.503127
SYI4 OAH,2025-12-25 21:03:29.865512
SYI4 OAH,2025-12-25 21:03:30.206640
SYI4 OAH,2025-12-25 21:03:30.547683
SYIA OAH,2025-12-25 21:03:30.896016
SYI4 OAH,2025-12-25 21:03:31.237215
SYI4 OAH,2025-12-25 21:03:31.588759
SYI4 OAH,2025-12-25 21:03:31.951422
SYI4 OAH,2025-12-25 21:03:32.315820
SYI4 OAH,2025-12-25 21:03:32.653265
SYI4 OAH,2025-12-25 21:03:32.991280
SYI4 OAH,2025-12-25 21:03:33.329843
SYI4 OAH,2025-12-25 21:03:33.662416
SYI4 OAH,2025-12-25 21:03:34.001255
SYI4 OAH,2025-12-25 21:03:34.348519
SYI4 OAH,2025-12-25 21:03:34.698272
SYI4 OAH,2025-12-25 21:03:35.032707
SYI4 OAH,2025-12-25 21:03:35.368929
SYI4 OAH,2025-12-25 21:03:35.714406
SYI4 OAH,2025-12-25 21:03:36.058869
SYI4 OAH,2025-12-25 21:03:36.398853
SYI4 OAH,2025-12-25 21:03:36.745292
SYI4 OAH,2025-12-25 21:03:37.082663
SYI4 OAH,2025-12-25 21:03:37.449551
SI4OLH,2025-12-25 21:22:08.808629
SYI4OLH,2025-12-25 21:22:09.511348
SI4OAH,2025-12-25 21:22:10.514454
SYIOAH,2025-12-25 21:22:11.776872
SYIZOAH,2025-12-25 21:22:13.670046
SYI4OAH,2025-12-25 21:22:16.743851
SYIAOAH,2025-12-25 21:22:18.070623
0S7I0J,2025-12-25 21:22:21.730664
0571GJ,2025-12-25 21:22:24.474708
SYI4OMH,2025-12-25 21:22:24.733878
0S1IGJ,2025-12-25 21:22:24.885503
SYIAOMH,2025-12-25 21:22:25.130304
051IQJ,2025-12-25 21:22:25.284695
05776J,2025-12-25 21:22:26.096188
OS7UAJ,2025-12-25 21:22:26.566866
IS7UQJ,2025-12-25 21:22:27.401742
151UGJ,2025-12-25 21:22:27.826147
9571GJ,2025-12-25 21:22:29.045266
SY4OAH,2025-12-25 21:23:12.752988
SY14OAH,2025-12-25 21:23:15.362086
SYI407,2025-12-25 21:23:17.664736
SYI4OLH,2025-12-26 10:27:50.710366
SI4OAH,2025-12-26 10:27:53.133382
SYIOAH,2025-12-26 10:27:56.097254
SYIZOAH,2025-12-26 10:28:00.496235
SYI4OAH,2025-12-26 10:28:10.102486
SYIAOAH,2025-12-26 10:28:14.786721
0S7I0J,2025-12-26 10:28:26.819776
0571GJ,2025-12-26 10:28:37.307034
SYI4OMH,2025-12-26 10:28:37.922629
0S1IGJ,2025-12-26 10:28:38.627659
SYIAOMH,2025-12-26 10:28:39.496630
051IQJ,2025-12-26 10:28:40.410349
05776J,2025-12-26 10:28:43.828299
OS7UAJ,2025-12-26 10:28:45.441027
IS7UQJ,2025-12-26 10:28:48.555951
151UGJ,2025-12-26 10:28:49.981333
9571GJ,2025-12-26 10:28:54.143258
SY4OAH,2025-12-26 10:31:38.708648
SY14OAH,2025-12-26 10:31:49.827659
SYI407,2025-12-26 10:31:59.371115
SI4OLH,2025-12-26 10:27:49.543380
SI4OLH,2025-12-26 11:21:24.066638
SYI4OLH,2025-12-26 11:21:24.884089
SI4OAH,2025-12-26 11:21:26.103918
SYIOAH,2025-12-26 11:21:27.699379
SYIZOAH,2025-12-26 11:21:30.009215
SYI4OAH,2025-12-26 11:21:34.834834
SYIAOAH,2025-12-26 11:21:37.219758
0S7I0J,2025-12-26 11:21:43.480893
0571GJ,2025-12-26 11:21:48.419910
SYI4OMH,2025-12-26 11:21:48.879401
0S1IGJ,2025-12-26 11:21:49.164671
SYIAOMH,2025-12-26 11:21:49.623219
051IQJ,2025-12-26 11:21:49.900592
05776J,2025-12-26 11:21:51.342640
OS7UAJ,2025-12-26 11:21:52.070544
IS7UQJ,2025-12-26 11:21:53.534618
151UGJ,2025-12-26 11:21:54.261289
9571GJ,2025-12-26 11:21:56.373588
SY4OAH,2025-12-26 11:22:51.362013
SY14OAH,2025-12-26 11:22:54.153884
SYI407,2025-12-26 11:22:57.167937
SI4OLH,2025-12-26 16:37:21.453073
SYI4OLH,2025-12-26 16:37:22.000113
SI4OAH,2025-12-26 16:37:22.969081
SYIOAH,2025-12-26 16:37:24.209876
SYIZOAH,2025-12-26 16:37:25.940424
SYI4OAH,2025-12-26 16:37:29.224304
SYIAOAH,2025-12-26 16:37:30.589698
0S7I0J,2025-12-26 16:37:34.108728
0571GJ,2025-12-26 16:37:37.047935
SYI4OMH,2025-12-26 16:37:37.373914
0S1IGJ,2025-12-26 16:37:37.541227
SYIAOMH,2025-12-26 16:37:37.813527
051IQJ,2025-12-26 16:37:37.967595
05776J,2025-12-26 16:37:38.807138
OS7UAJ,2025-12-26 16:37:39.220435
IS7UQJ,2025-12-26 16:37:40.053341
151UGJ,2025-12-26 16:37:40.467205
9571GJ,2025-12-26 16:37:41.670109
SY4OAH,2025-12-26 16:38:25.331312
SY14OAH,2025-12-26 16:38:28.001642
SYI407,2025-12-26 16:38:30.285160
DIOKOA,2026-01-15 12:27:39.837583
DIOHOA,2026-01-15 12:27:40.432329
MESSICI,2026-01-15 12:27:40.598385
LOIONOA,2026-01-15 12:27:40.783618
VESSCI,2026-01-15 12:27:40.944012
VESSICI,2026-01-15 12:27:41.287238
LOIODHOA,2026-01-15 12:27:41.490515
LOIDCOA,2026-01-15 12:27:41.817520
LOLCOA,2026-01-15 12:27:42.123993
DIOCOA,2026-01-15 12:27:42.466212
TESSCT,2026-01-15 12:27:43.323055
LOIOCOA,2026-01-15 12:27:43.510973
VESSICT,2026-01-15 12:27:43.667283
MESSIC,2026-01-15 12:27:44.032185
DIONOA,2026-01-15 12:27:44.220275
WESSUC,2026-01-15 12:27:44.374923
LOIOHOA,2026-01-15 12:27:44.913371
WESSIC,2026-01-15 12:27:45.760654
OIONOA,2026-01-15 12:27:46.736852
LOIDHO,2026-01-15 12:27:46.906039
DIOTOA,2026-01-15 12:27:47.124148
VESSCT,2026-01-15 12:27:47.241141
OIOMOA,2026-01-15 12:27:47.487789
VESSECT,2026-01-15 12:27:48.468342
JESSCV,2026-01-15 12:27:48.965153
GESSCT,2026-01-15 12:27:49.266879
DIOROA,2026-01-15 12:27:49.741241
JESSCI,2026-01-15 12:27:50.227579
LOIOTOA,2026-01-15 12:27:51.323121
7ES5CY,2026-01-15 12:27:52.420243
JESSCT,2026-01-15 12:27:52.787733
DIOCIA,2026-01-15 12:27:53.045114
DIOCIOA,2026-01-15 12:27:53.408859
LODNOA,2026-01-15 12:27:56.572479
DIDTOA,2026-01-15 12:27:57.029152
LQIDROA,2026-01-15 12:27:57.252805
DIOTQA,2026-01-15 12:27:58.712708
LOIOCIOA,2026-01-15 12:27:59.087479
LOIDROA,2026-01-15 12:27:59.663238
LOIOROA,2026-01-15 12:27:59.825679
DIDROA,2026-01-15 12:28:00.024583
QIOLOA,2026-01-15 12:28:00.623628
LOIDLOA,2026-01-15 12:28:00.802939
LOIDHOA,2026-01-15 12:28:00.963521
DIQHOA,2026-01-15 12:28:01.105353
LOIQHOA,2026-01-15 12:28:02.684016
0IOLOL,2026-01-15 12:28:03.080580
LYDJXP,2026-01-15 12:28:15.944159
LOJAXP,2026-01-15 12:28:16.314521
JOJAXP,2026-01-15 12:28:16.434982
LJOJAXR,2026-01-15 12:28:16.826645
JOJAXR,2026-01-15 12:28:16.949997
EX56SS2,2026-01-15 12:28:20.324047
EX565S2,2026-01-15 12:28:20.565711
8565S2,2026-01-15 12:28:21.667714
2X565S2,2026-01-15 12:28:22.244346
EX56557,2026-01-15 12:28:22.401837
X565S2,2026-01-15 12:28:22.558817
EX56SS,2026-01-15 12:28:22.719779
E756597,2026-01-15 12:28:23.518720
EX56597,2026-01-15 12:28:23.642314
E756SSZ,2026-01-15 12:28:24.066351
3756SS,2026-01-15 12:28:24.237832
2756SSZ,2026-01-15 12:28:24.394195
7756SSZ,2026-01-15 12:28:24.603032
E75659,2026-01-15 12:28:24.858819
E7569S,2026-01-15 12:28:25.343843
EX5655,2026-01-15 12:28:25.546776
1079IR,2026-01-15 12:28:28.597720
KOREAFOOL,2026-01-15 12:28:30.175199
KOREAFOODS,2026-01-15 12:28:30.880473
LEOECU,2026-01-15 12:28:35.623528
RAUCEL,2026-01-15 12:28:35.993192
LETBCH,2026-01-15 12:28:36.224597
RKIOBL,2026-01-15 12:28:36.448034
RKIIOBL,2026-01-15 12:28:36.691358
RKII0BL,2026-01-15 12:28:36.977752
